"city","state","slug","growth","densityMi","areaMi","lng","lat","population","pop2026","pop2025","pop2020","pop2010","type","rank"
"New York","New York","new-york/new-york",-0.00765,27778,300.483,-73.9387,40.6627,8346955,8346955,8412513,8740306,8175133,"City",1
"Los Angeles","California","california/los-angeles",-0.00113,8225,470.518,-118.411,34.0194,3869891,3869891,3874297,3896329,3792621,"City",2
"Chicago","Illinois","illinois/chicago",-0.00219,11896,227.748,-87.6849,41.837,2709364,2709364,2715336,2745196,2695598,"City",3
"Houston","Texas","texas/houston",0.00968,3801,640.819,-95.3888,29.7857,2435715,2435715,2412920,2298945,2099451,"City",4
"Phoenix","Arizona","arizona/phoenix",0.00918,3286,518.331,-112.09,33.5722,1703449,1703449,1688306,1612593,1445632,"City",5
"San Antonio","Texas","texas/san-antonio",0.01462,3147,498.922,-98.5246,29.4628,1570314,1570314,1548485,1439340,1327407,"City",6
"Philadelphia","Pennsylvania","pennsylvania/philadelphia",-0.00424,11617,134.325,-75.1333,40.0094,1560480,1560480,1567198,1600788,1526006,"City",7
"San Diego","California","california/san-diego",0.00351,4338,326.028,-117.121,32.8304,1414266,1414266,1409359,1384824,1307402,"City",8
"Dallas","Texas","texas/dallas",0.0043,3937,339.676,-96.7665,32.7933,1337417,1337417,1331752,1303426,1197816,"City",9
"Fort Worth","Texas","texas/fort-worth",0.02165,2984,352.011,-97.3486,32.782,1050336,1050336,1029221,923645,741206,"City",10
"Jacksonville","Florida","florida/jacksonville",0.01466,1390,747.261,-81.6616,30.3369,1038787,1038787,1024310,951925,821784,"City",11
"Austin","Texas","texas/austin",0.00704,3100,325.013,-97.7541,30.2986,1007435,1007435,1000511,965893,790390,"City",12
"San Jose","California","california/san-jose",-0.00307,5570,177.939,-121.815,37.296,991209,991209,994288,1009686,945942,"City",13
"Charlotte","North Carolina","north-carolina/charlotte",0.01869,3133,312.099,-80.831,35.209,977740,977740,960608,874948,731424,"City",14
"Columbus","Ohio","ohio/columbus",0.00726,4266,221.93,-82.9856,39.9855,946661,946661,939962,906466,787033,"City",15
"Indianapolis","Indiana","indiana/indianapolis",0.0012,2475,361.017,-86.1459,39.7767,893619,893619,892551,887213,820445,"Township",16
"San Francisco","California","california/san-francisco",-0.014,17214,46.7,-123.032,37.7272,803876,803876,815701,874826,805235,"City",17
"Seattle","Washington","washington/seattle",0.01319,9538,84,-122.352,47.6193,801192,801192,791093,740600,608660,"City",18
"Hempstead","New York","new-york/hempstead",0.00217,6757,118.514,-73.6091,40.634,800777,800777,796559,790424,759757,"Town",19
"Denver","Colorado","colorado/denver",0.00393,4800,153.074,-104.881,39.7618,734718,734718,731868,717620,600158,"City",20
"Oklahoma City","Oklahoma","oklahoma/oklahoma-city",0.01063,1199,606.998,-97.5137,35.4671,727836,727836,720377,683084,579999,"City",21
"Washington","District of Columbia","district-of-columbia/washington",0.01135,11745,61.126,-77.0165,38.9042,717916,717916,710083,670917,601723,"City",22
"Nashville","Tennessee","tennessee/nashville",0.00545,1498,475.566,-86.785,36.1718,712581,712581,708772,689726,601222,"Township",23
"Las Vegas","Nevada","nevada/las-vegas",0.01168,4896,141.862,-115.264,36.2335,694501,694501,686711,647763,583756,"City",24
"Boston","Massachusetts","massachusetts/boston",0.00382,14298,48.34,-71.0182,42.3386,691168,691168,682313,675522,617594,"City",25
"El Paso","Texas","texas/el-paso",0.00086,2639,258.788,-106.431,31.8478,682893,682893,682308,679382,649121,"City",26
"Detroit","Michigan","michigan/detroit",0.00285,4681,138.735,-83.1022,42.383,649374,649374,647539,638367,713777,"City",27
"Louisville","Kentucky","kentucky/louisville",0.00351,2455,262.836,-85.6474,38.1654,645270,645270,643033,631847,597337,"Township",28
"Portland","Oregon","oregon/portland",-0.00678,4697,133.488,-122.65,45.5369,627040,627040,631394,653166,583776,"City",29
"Memphis","Tennessee","tennessee/memphis",-0.00707,2078,289.758,-89.9685,35.1092,602184,602184,606551,628388,646889,"City",30
"Baltimore","Maryland","maryland/baltimore",-0.0065,6928,80.946,-76.6105,39.3,560812,560812,564541,583189,620961,"City",31
"Tucson","Arizona","arizona/tucson",0.00517,2304,242.884,-110.871,32.153,559695,559695,556854,542649,520116,"City",32
"Albuquerque","New Mexico","new-mexico/albuquerque",-0.00203,2980,187.266,-106.647,35.1048,558046,558046,559186,564885,545852,"City",33
"Milwaukee","Wisconsin","wisconsin/milwaukee",-0.00599,5789,96.173,-87.9667,43.0633,556718,556718,560124,577157,594833,"City",34
"Fresno","California","california/fresno",0.00338,4782,115.818,-119.793,36.7827,553800,553800,551952,542714,494665,"City",35
"Sacramento","California","california/sacramento",0.0048,5483,98.646,-121.468,38.5677,540907,540907,538352,525579,466488,"City",36
"Atlanta","Georgia","georgia/atlanta",0.00979,3919,135.253,-84.4227,33.7629,530106,530106,525088,499998,420003,"City",37
"Mesa","Arizona","arizona/mesa",0.00546,3682,141.961,-111.716,33.3994,522751,522751,519951,505950,439041,"City",38
"Kansas City","Missouri","missouri/kansas-city",0.00387,1653,314.515,-94.5503,39.1252,520000,520000,518016,508096,459787,"City",39
"Raleigh","North Carolina","north-carolina/raleigh",0.01745,3394,152.263,-78.641,35.8319,516807,516807,508316,465861,403892,"City",40
"Miami","Florida","florida/miami",0.02352,14143,35.996,-80.2086,25.7752,509107,509107,498060,442828,399457,"City",41
"Colorado Springs","Colorado","colorado/colorado-springs",0.00605,2470,202.23,-104.761,38.8673,499474,499474,496514,481713,416427,"City",42
"Brookhaven","New York","new-york/brookhaven",0.0044,1916,259.645,-72.9598,40.8574,497541,497541,495150,484592,486040,"Town",43
"Omaha","Nebraska","nebraska/omaha",-0.00179,3410,142.98,-96.0535,41.2627,487506,487506,488385,492783,408958,"City",44
"Virginia Beach","Virginia","virginia/virginia-beach",-0.00266,1849,244.719,-76.0291,36.7795,452375,452375,453591,459673,437994,"City",45
"Oakland","California","california/oakland",0.00145,7949,55.963,-122.226,37.7698,444839,444839,444196,440983,390724,"City",46
"Long Beach","California","california/long-beach",-0.00805,8753,50.672,-118.168,33.7808,443555,443555,447228,465593,462257,"City",47
"Tampa","Florida","florida/tampa",0.01606,3734,114.487,-82.4797,27.9701,427538,427538,421042,388564,335709,"City",48
"Minneapolis","Minnesota","minnesota/minneapolis",-0.00126,7917,54,-93.2683,44.9633,427499,427499,428039,430738,382578,"City",49
"Bakersfield","California","california/bakersfield",0.00742,2816,150.434,-119.038,35.3532,423592,423592,420530,405220,347483,"City",50
"Tulsa","Oklahoma","oklahoma/tulsa",0.0009,2103,197.765,-95.9023,36.1279,415899,415899,415526,413663,391906,"City",51
"Aurora","Colorado","colorado/aurora",0.01028,2506,164.122,-104.721,39.7095,411293,411293,407211,386804,325078,"City",52
"Arlington","Texas","texas/arlington",0.00581,4260,95.842,-97.1247,32.7007,408318,408318,405995,394380,365438,"City",53
"Wichita","Kansas","kansas/wichita",0.00183,2438,165.074,-97.3458,37.6906,402453,402453,401722,398067,382368,"City",54
"Henderson","Nevada","nevada/henderson",0.02323,3023,120.993,-115.027,36.009,365728,365728,357883,318660,257729,"City",55
"Cleveland","Ohio","ohio/cleveland",-0.0044,4659,77.735,-81.6794,41.4785,362142,362142,363760,371853,396815,"City",56
"New Orleans","Louisiana","louisiana/new-orleans",-0.01396,2079,169.5,-89.9345,30.0534,352364,352364,357532,383374,343829,"City",57
"Orlando","Florida","florida/orlando",0.0208,2688,129.601,-81.3202,28.4728,348347,348347,341600,307868,238300,"City",58
"Anaheim","California","california/anaheim",-0.00152,6832,50.283,-117.759,33.8555,343509,343509,344035,346665,336265,"City",59
"Urban Honolulu","Hawaii","hawaii/honolulu",-0.00251,5662,60.622,-157.848,21.3243,343229,343229,344098,348442,337256,"CDP",60
"Islip","New York","new-york/islip",0.00114,3308,103.199,-73.1952,40.715,341430,341430,340300,339101,335543,"Town",61
"Newark","New Jersey","new-jersey/newark",0.01187,13811,24.144,-74.1726,40.7242,333459,333459,325381,310665,277140,"City",62
"Lexington","Kentucky","kentucky/lexington",0.00521,1173,283.855,-84.4583,38.0407,332841,332841,331139,322628,295803,"Urban County",63
"Riverside","California","california/riverside",0.00641,4040,81.149,-117.393,33.9381,327868,327868,325812,315534,303871,"City",64
"Stockton","California","california/stockton",0.00309,5166,63.296,-121.309,37.9766,326977,326977,325976,320971,291707,"City",65
"Irvine","California","california/irvine",0.00813,4935,65.613,-117.771,33.6784,323799,323799,321241,308450,212375,"City",66
"Santa Ana","California","california/santa-ana",0.00394,11640,27.376,-117.883,33.7363,318663,318663,317423,311226,324528,"City",67
"Cincinnati","Ohio","ohio/cincinnati",0.00424,4076,77.914,-84.5058,39.1402,317570,317570,316242,309604,296943,"City",68
"Corpus Christi","Texas","texas/corpus-christi",-0.00076,1889,167.769,-97.1734,27.7543,316833,316833,317075,318285,305215,"City",69
"Greensboro","North Carolina","north-carolina/greensboro",0.0095,2324,134.744,-79.8236,36.0948,313135,313135,310258,295873,269666,"City",70
"Jersey City","New Jersey","new-jersey/jersey-city",0.01115,21158,14.748,-74.0648,40.7114,312042,312042,307433,291960,247597,"City",71
"Durham","North Carolina","north-carolina/durham",0.01717,2601,119.945,-78.8981,35.9779,311965,311965,306917,281679,228330,"City",72
"North Las Vegas","Nevada","nevada/north-las-vegas",0.02923,2948,105.319,-115.089,36.2899,310464,310464,302249,261173,216961,"City",73
"Pittsburgh","Pennsylvania","pennsylvania/pittsburgh",0.00398,5600,55.378,-79.9757,40.4399,310103,310103,308885,302798,305704,"City",74
"St. Paul","Minnesota","minnesota/st-paul",-0.00296,5881,51.973,-93.1041,44.9489,305634,305634,306549,311127,285068,"City",75
"Lincoln","Nebraska","nebraska/lincoln",0.00739,2975,102.54,-96.6749,40.8103,305010,305010,302814,291837,258379,"City",76
"Oyster Bay","New York","new-york/oyster-bay",0.00044,2906,103.61,-73.5106,40.8005,301088,301088,300314,300294,293214,"Town",77
"Gilbert","Arizona","arizona/gilbert",0.01721,4347,68.663,-111.743,33.3103,298470,298470,293630,269429,208453,"Town",78
"Plano","Texas","texas/plano",0.0059,4138,71.699,-96.7479,33.0508,296718,296718,295002,286422,259841,"City",79
"Madison","Wisconsin","wisconsin/madison",0.00926,3450,84.215,-89.4299,43.0878,290508,290508,287904,274884,233209,"City",80
"Reno","Nevada","nevada/reno",0.01519,2654,109.298,-119.85,39.5491,290076,290076,285895,264990,225221,"City",81
"Anchorage","Alaska","alaska/anchorage",-0.00112,169,1706.8,-149.284,61.1743,288947,288947,289273,290905,291826,"Township",82
"Port St. Lucie","Florida","florida/port-st-lucie",0.05455,2386,119.216,-80.3883,27.2806,284448,284448,271511,206828,164603,"City",83
"Chandler","Arizona","arizona/chandler",0.0034,4313,65.639,-111.852,33.2828,283132,283132,282181,277429,236123,"City",84
"Chula Vista","California","california/chula-vista",0.00247,5639,49.638,-117.015,32.6277,279915,279915,279230,275808,243916,"City",85
"Lubbock","Texas","texas/lubbock",0.01316,1949,143.204,-101.889,33.5619,279104,279104,275595,258050,229573,"City",86
"Fort Wayne","Indiana","indiana/fort-wayne",0.00816,2484,111.76,-85.1428,41.0882,277607,277607,275405,264394,253691,"City",87
"Buffalo","New York","new-york/buffalo",-0.00085,6839,40.379,-78.8597,42.8925,276146,276146,276381,277558,261310,"City",88
"St. Petersburg","Florida","florida/st-petersburg",0.00741,4385,61.804,-82.6441,27.7627,271017,271017,269059,259271,244769,"City",89
"St. Louis","Missouri","missouri/st-louis",-0.01795,4365,61.72,-90.2446,38.6357,269385,269385,274540,300315,319294,"City",90
"Laredo","Texas","texas/laredo",0.00556,2421,109.093,-99.4892,27.5604,264142,264142,262701,255495,236091,"City",91
"Toledo","Ohio","ohio/toledo",-0.00435,3271,80.488,-83.5819,41.6641,263314,263314,264476,270285,287208,"City",92
"Glendale","Arizona","arizona/glendale",0.00904,3914,67.126,-112.19,33.5331,262745,262745,260444,248938,226721,"City",93
"Enterprise","Nevada","nevada/enterprise",0,3948,65.999,-115.228,36.0091,260557,260557,251053,0,108481,"CDP",94
"Winston-Salem","North Carolina","north-carolina/winston-salem",0.00645,1939,133.584,-80.2608,36.1029,259038,259038,257403,249231,229617,"City",95
"Irving","Texas","texas/irving",0.00112,3861,66.979,-96.97,32.8577,258636,258636,258348,256907,216290,"City",96
"Chesapeake","Virginia","virginia/chesapeake",0.00521,761,338.456,-76.3018,36.6794,257632,257632,256314,249726,222209,"City",97
"Garland","Texas","texas/garland",0.00406,4440,56.857,-96.6303,32.9098,252450,252450,251440,246392,226876,"City",98
"Cape Coral","Florida","florida/cape-coral",0.04315,2373,106.123,-81.9974,26.6432,251819,251819,242422,195436,154305,"City",99
"Frisco","Texas","texas/frisco",0.0365,3666,68.587,-96.8226,33.1554,251430,251430,243319,202764,116989,"City",100
"Scottsdale","Arizona","arizona/scottsdale",0.0044,1350,184.003,-111.861,33.6843,248321,248321,247245,241868,217385,"City",101
"McKinney","Texas","texas/mckinney",0.03482,3531,68.69,-96.6642,33.2011,242534,242534,235030,197510,131117,"City",102
"Arlington","Virginia","virginia/arlington",0,9304,25.997,-77.1007,38.8783,241887,241887,239745,0,207627,"CDP",103
"Hialeah","Florida","florida/hialeah",0.01407,11208,21.581,-80.3029,25.8699,241873,241873,238630,222418,224669,"City",104
"North Hempstead","New York","new-york/north-hempstead",0.00227,4484,53.543,-73.6784,40.8034,240082,240082,238887,236834,226322,"Town",105
"Boise City","Idaho","idaho/boise",0.00202,2775,86.101,-116.232,43.598,238923,238923,238443,236043,205671,"City",106
"Huntsville","Alabama","alabama/huntsville",0.01558,1054,225.326,-86.6767,34.6977,237413,237413,233907,216379,180105,"City",107
"Richmond","Virginia","virginia/richmond",0.00728,3955,59.925,-77.476,37.5314,237021,237021,235338,226923,204214,"City",108
"Tacoma","Washington","washington/tacoma",0.00939,4675,49.714,-122.46,47.2522,232425,232425,230313,219756,198397,"City",109
"Spokane","Washington","washington/spokane",0.00153,3364,68.76,-117.433,47.6669,231311,231311,230960,229205,208916,"City",110
"Spring Valley","Nevada","nevada/spring-valley",0,6464,35.505,-115.264,36.0952,229494,229494,226300,0,178395,"CDP",111
"Norfolk","Virginia","virginia/norfolk",-0.00718,4275,53.275,-76.2446,36.923,227751,227751,229428,237813,242803,"City",112
"Santa Clarita","California","california/santa-clarita",-0.00354,3091,73.614,-118.501,34.4165,227527,227527,228343,232422,176320,"City",113
"Fremont","California","california/fremont",-0.00246,2907,78.103,-121.941,37.4945,227065,227065,227628,230445,214089,"City",114
"Salt Lake City","Utah","utah/salt-lake-city",0.02027,2041,110.891,-111.931,40.7769,226341,226341,222062,200666,186440,"City",115
"San Bernardino","California","california/san-bernardino",0.00297,3641,62.1,-117.295,34.1411,226103,226103,225439,222119,209924,"City",116
"Fontana","California","california/fontana",0.01078,5155,43.278,-117.463,34.1097,223089,223089,220772,209186,196069,"City",117
"Modesto","California","california/modesto",0.00213,5109,43.358,-121.003,37.6375,221529,221529,221060,218717,201165,"City",118
"Babylon","New York","new-york/babylon",0.00182,4209,52.277,-73.3167,40.6409,220044,220044,219305,217662,213603,"Town",119
"Baton Rouge","Louisiana","louisiana/baton-rouge",-0.00602,2526,86.392,-91.1309,30.4422,218223,218223,219565,226275,229493,"City",120
"Sioux Falls","South Dakota","south-dakota/sioux-falls",0.0195,2569,84.546,-96.732,43.5407,217209,217209,213249,193448,153888,"City",121
"Moreno Valley","California","california/moreno-valley",0.00596,4218,51.31,-117.206,33.9233,216447,216447,215183,208862,193365,"City",122
"Worcester","Massachusetts","massachusetts/worcester",0.01039,5766,37.36,-71.8078,42.2695,215436,215436,213361,202475,181045,"City",123
"Grand Prairie","Texas","texas/grand-prairie",0.0137,2784,76.474,-97.0207,32.6789,212896,212896,210113,196201,175396,"City",124
"Des Moines","Iowa","iowa/des-moines",-0.00079,2413,88.162,-93.6102,41.5726,212759,212759,212927,213769,203433,"City",125
"Yonkers","New York","new-york/yonkers",0.00005,11722,18.006,-73.8674,40.9459,211062,211062,211051,210995,195976,"City",126
"Fayetteville","North Carolina","north-carolina/fayetteville",-0.00166,1408,148.266,-78.9735,35.0828,208797,208797,209146,210894,200564,"City",127
"Tallahassee","Florida","florida/tallahassee",0.00884,2037,102.428,-84.2523,30.4535,208666,208666,206877,197934,181376,"City",128
"Huntington","New York","new-york/huntington",0.00257,2199,94.039,-73.3768,40.8841,206780,206780,205743,203614,203264,"Town",129
"Little Rock","Arkansas","arkansas/little-rock",0.00266,1698,121.243,-92.3586,34.7254,205857,205857,205315,202607,193524,"City",130
"Rochester","New York","new-york/rochester",-0.00433,5746,35.761,-77.6169,43.1699,205477,205477,206379,210892,210565,"City",131
"Overland Park","Kansas","kansas/overland-park",0.00627,2731,75.218,-94.6906,38.889,205413,205413,204153,197852,173372,"City",132
"Amarillo","Texas","texas/amarillo",0.0039,1935,106.09,-101.83,35.1999,205310,205310,204519,200567,190695,"City",133
"Peoria","Arizona","arizona/peoria",0.01007,1154,176.697,-112.308,33.7862,203891,203891,201907,191989,154065,"City",134
"Vancouver","Washington","washington/vancouver",0.00983,4161,48.748,-122.597,45.6372,202846,202846,200919,191284,161791,"City",135
"Knoxville","Tennessee","tennessee/knoxville",0.00957,2051,98.732,-83.9493,35.9707,202469,202469,200595,191227,178874,"City",136
"Augusta","Georgia","georgia/augusta",-0.00036,667,302.282,-82.0734,33.3655,201590,201590,201663,202031,195844,"Township",137
"Sunrise Manor","Nevada","nevada/sunrise-manor",0,5972,33.713,-115.049,36.1783,201344,201344,200595,0,189372,"CDP",138
"Grand Rapids","Michigan","michigan/grand-rapids",0.00173,4485,44.776,-85.6556,42.9612,200808,200808,200462,198735,188040,"City",139
"Oxnard","California","california/oxnard",-0.00161,7533,26.545,-119.208,34.1994,199970,199970,200293,201908,197899,"City",140
"Columbus","Georgia","georgia/columbus",-0.00636,920,216.5,-84.8749,32.5102,199237,199237,200533,207015,189885,"City",141
"Mobile","Alabama","alabama/mobile",-0.0063,1318,150.838,-88.1079,30.6682,198806,198806,200086,206488,195111,"City",142
"Providence","Rhode Island","rhode-island/providence",0.00505,10684,18.406,-71.4188,41.8231,196657,196657,195681,190803,178042,"City",143
"Chattanooga","Tennessee","tennessee/chattanooga",0.01227,1378,142.352,-85.2484,35.066,196108,196108,193802,182271,167674,"City",144
"Clarksville","Tennessee","tennessee/clarksville",0.02542,1945,100.144,-87.3452,36.5664,194768,194768,190229,167533,132929,"City",145
"Brownsville","Texas","texas/brownsville",0.007,1595,122.012,-97.4806,25.9894,194626,194626,193296,186648,175023,"City",146
"Fort Lauderdale","Florida","florida/fort-lauderdale",0.01049,5627,34.582,-80.1467,26.1412,194579,194579,192610,182765,165521,"City",147
"Birmingham","Alabama","alabama/birmingham",-0.00495,1322,147.07,-86.797,33.5272,194400,194400,195378,200270,212237,"City",148
"Montgomery","Alabama","alabama/montgomery",-0.00536,1212,159.857,-86.2673,32.3485,193703,193703,194760,200048,205764,"City",149
"Tempe","Arizona","arizona/tempe",0.00637,4815,39.981,-111.932,33.3884,192514,192514,191314,185313,161719,"City",150
"Huntington Beach","California","california/huntington-beach",-0.00675,6982,27.287,-118.004,33.698,190515,190515,191833,198422,189992,"City",151
"Ontario","California","california/ontario",0.01316,3803,49.984,-117.606,34.037,190066,190066,187675,175723,163924,"City",152
"Akron","Ohio","ohio/akron",-0.00063,3059,61.933,-81.5214,41.0805,189423,189423,189543,190146,199110,"City",153
"Cary","North Carolina","north-carolina/cary",0.01093,3054,61.091,-78.8234,35.7813,186587,186587,184623,174803,135234,"Town",154
"Elk Grove","California","california/elk-grove",0.00862,4364,42.601,-121.385,38.4146,185906,185906,184351,176579,153015,"City",155
"Glendale","California","california/glendale",-0.01064,6029,30.479,-118.246,34.1814,183761,183761,185792,195947,191719,"City",156
"Pembroke Pines","Florida","florida/pembroke-pines",0.01169,5613,32.681,-80.3402,26.0147,183446,183446,181386,171086,154750,"City",157
"Salem","Oregon","oregon/salem",0.00619,3732,48.931,-123.023,44.9239,182620,182620,181513,175977,154637,"City",158
"Newport News","Virginia","virginia/newport-news",-0.00407,2631,68.996,-76.522,37.0761,181558,181558,182307,186052,180719,"City",159
"Aurora","Illinois","illinois/aurora",0.00062,3999,45.247,-88.2901,41.7635,180935,180935,180822,180260,197899,"City",160
"Surprise","Arizona","arizona/surprise",0.0366,1621,110.505,-112.453,33.6708,179149,179149,173356,144393,117517,"City",161
"Eugene","Oregon","oregon/eugene",0.00049,4004,44.696,-123.119,44.0568,178961,178961,178873,178436,156185,"City",162
"Denton","Texas","texas/denton",0.03987,1841,96.922,-97.1413,33.2174,178433,178433,172215,141128,113383,"City",163
"Rancho Cucamonga","California","california/rancho-cucamonga",0.00284,3820,46.51,-117.566,34.1303,177673,177673,177174,174678,165269,"City",164
"Paradise","Nevada","nevada/paradise",0,4189,42.404,-115.136,36.0871,177642,177642,180487,0,223167,"CDP",165
"Santa Rosa","California","california/santa-rosa",-0.00063,4168,42.536,-122.706,38.4458,177300,177300,177412,177972,167815,"City",166
"Murfreesboro","Tennessee","tennessee/murfreesboro",0.02239,2711,64.798,-86.4212,35.8539,175672,175672,172029,153816,108755,"City",167
"Garden Grove","California","california/garden-grove",0.00072,9614,17.953,-117.96,33.7788,172608,172608,172484,171866,170883,"City",168
"Shreveport","Louisiana","louisiana/shreveport",-0.01417,1586,108.145,-93.7922,32.4669,171469,171469,174023,186796,199311,"City",169
"Fort Collins","Colorado","colorado/fort-collins",0.00137,2995,57.234,-105.065,40.5482,171391,171391,171157,169990,143986,"City",170
"Springfield","Missouri","missouri/springfield",0.00211,2059,83.206,-93.2926,37.1942,171315,171315,170955,169158,159498,"City",171
"Roseville","California","california/roseville",0.02347,3872,44.087,-121.32,38.7703,170696,170696,167000,148520,118788,"City",172
"Oceanside","California","california/oceanside",-0.00455,4104,41.268,-117.306,33.2246,169376,169376,170158,174071,167086,"City",173
"Lancaster","California","california/lancaster",-0.0085,1745,94.282,-118.175,34.6936,164543,164543,165984,173192,156633,"City",174
"Paterson","New Jersey","new-jersey/paterson",0.00515,19531,8.413,-74.1628,40.9148,164315,164315,162389,159328,146199,"City",175
"Killeen","Texas","texas/killeen",0.01085,3003,54.628,-97.7319,31.0777,164045,164045,162330,153758,127921,"City",176
"Corona","California","california/corona",0.00655,4102,39.892,-117.565,33.862,163635,163635,162587,157349,152374,"City",177
"Ramapo","New York","new-york/ramapo",0.01482,2655,61.187,-74.105,41.1408,162422,162422,159598,148697,126595,"Town",178
"Hollywood","Florida","florida/hollywood",0.00998,5952,27.251,-80.1646,26.031,162199,162199,160636,152820,140768,"City",179
"Charleston","South Carolina","south-carolina/charleston",0.01064,1396,115.292,-79.9729,32.828,160965,160965,159315,151065,120083,"City",180
"Salinas","California","california/salinas",-0.00403,6782,23.515,-121.634,36.6902,159478,159478,160130,163393,150441,"City",181
"Palmdale","California","california/palmdale",-0.00966,1502,106.064,-118.105,34.591,159350,159350,160943,168907,152750,"City",182
"Alexandria","Virginia","virginia/alexandria",-0.00007,10652,14.935,-77.0837,38.8193,159081,159081,159091,159144,139966,"City",183
"Sunnyvale","California","california/sunnyvale",0.00245,7142,22.06,-122.026,37.3858,157557,157557,157174,155261,140081,"City",184
"Lakewood","Colorado","colorado/lakewood",0.00094,3616,43.458,-105.118,39.6989,157161,157161,157014,156281,142980,"City",185
"Macon-Bibb County","Georgia","georgia/macon-bibb-county",0.00003,630,249.383,-83.6942,32.8088,157065,157065,157060,157038,0,"Township",186
"Kansas City","Kansas","kansas/kansas-city",0.00072,1258,124.737,-94.7418,39.1225,156977,156977,156864,156302,145786,"City",187
"Hayward","California","california/hayward",-0.0067,3411,45.818,-122.104,37.6268,156297,156297,157368,162726,144186,"City",188
"Springfield","Massachusetts","massachusetts/springfield",0.00103,4902,31.87,-72.54,42.1155,156224,156224,155556,155258,153060,"City",189
"Bellevue","Washington","washington/bellevue",0.00422,4651,33.468,-122.156,47.5978,155672,155672,155024,151786,122363,"City",190
"Naperville","Illinois","illinois/naperville",0.00608,3936,39.368,-88.162,41.7492,154969,154969,154046,149434,141853,"City",191
"Bridgeport","Connecticut","connecticut/bridgeport",0.00647,9558,16.064,-73.1958,41.1874,153542,153542,152570,147713,144229,"City",192
"Palm Bay","Florida","florida/palm-bay",0.04102,1765,86.672,-80.665,27.9548,152950,152950,147486,120168,103190,"City",193
"Olathe","Kansas","kansas/olathe",0.01278,2362,64.669,-94.8201,38.882,152772,152772,150903,141560,125872,"City",194
"Joliet","Illinois","illinois/joliet",0.00245,2308,66.123,-88.1488,41.5177,152579,152579,152208,150352,147433,"City",195
"McAllen","Texas","texas/mcallen",0.0109,2438,62.333,-98.2461,26.225,151972,151972,150377,142401,129877,"City",196
"Gainesville","Florida","florida/gainesville",0.01102,2375,63.986,-82.3468,29.6795,151942,151942,150331,142276,124354,"City",197
"Mesquite","Texas","texas/mesquite",0.00084,3063,49.102,-96.5842,32.7595,150391,150391,150265,149637,139824,"City",198
"Meridian","Idaho","idaho/meridian",0.03846,3984,37.618,-116.401,43.6115,149862,149862,144801,119496,75092,"City",199
"Waco","Texas","texas/waco",0.01051,1644,91.005,-97.1898,31.558,149640,149640,148124,140543,124805,"City",200
"Savannah","Georgia","georgia/savannah",0.00221,1365,109.494,-81.1942,32.0125,149465,149465,149136,147494,136286,"City",201
"Columbia","South Carolina","south-carolina/columbia",0.01516,1070,139.355,-80.9061,34.0405,149078,149078,146933,136207,129272,"City",202
"Thornton","Colorado","colorado/thornton",0.00776,4080,36.504,-104.941,39.9204,148938,148938,147813,142191,118772,"City",203
"Midland","Texas","texas/midland",0.0187,1954,76.188,-102.113,32.0246,148908,148908,146297,133245,111147,"City",204
"Pasadena","Texas","texas/pasadena",-0.00305,3404,43.69,-95.1511,29.655,148701,148701,149159,151449,149043,"City",205
"Visalia","California","california/visalia",0.00775,3717,39.955,-119.327,36.3292,148513,148513,147392,141787,124442,"City",206
"Escondido","California","california/escondido",-0.00367,3956,37.348,-117.074,33.1331,147748,147748,148297,151045,143911,"City",207
"Miramar","Florida","florida/miramar",0.01558,5116,28.853,-80.3386,25.9725,147600,147600,145421,134525,122041,"City",208
"Rockford","Illinois","illinois/rockford",-0.00204,2246,65.393,-89.0635,42.2593,146881,146881,147183,148696,152871,"City",209
"Pomona","California","california/pomona",-0.0052,6370,22.984,-117.761,34.0585,146416,146416,147191,151065,149058,"City",210
"Lakewood","New Jersey","new-jersey/lakewood-township",0.01244,5907,24.681,-74.1985,40.0771,145783,145783,143884,135364,92843,"Township",211
"Syracuse","New York","new-york/syracuse",-0.00143,5813,25.059,-76.1436,43.041,145678,145678,145887,146934,145170,"City",212
"Elizabeth","New Jersey","new-jersey/elizabeth",0.01007,11783,12.319,-74.1935,40.6664,145149,145149,142781,136681,124969,"City",213
"Coral Springs","Florida","florida/coral-springs",0.01198,6303,22.864,-80.2593,26.2707,144121,144121,142464,134182,121096,"City",214
"Victorville","California","california/victorville",0.01084,1950,73.71,-117.354,34.5277,143721,143721,142221,134721,115903,"City",215
"Round Rock","Texas","texas/round-rock",0.02854,3697,38.616,-97.6635,30.5261,142752,142752,139055,120572,99887,"City",216
"New Haven","Connecticut","connecticut/new-haven",0.01534,7581,18.69,-72.9249,41.3108,141686,141686,139624,129314,129779,"City",217
"Fargo","North Dakota","north-dakota/fargo",0.01946,2726,51.888,-96.8291,46.8647,141434,141434,138859,125986,105549,"City",218
"Stamford","Connecticut","connecticut/stamford",0.00664,3746,37.628,-73.5461,41.0796,140964,140964,140049,135474,122643,"City",219
"Lewisville","Texas","texas/lewisville",0.01805,3462,40.657,-96.9746,33.0507,140759,140759,138371,126431,95290,"City",220
"Metairie","Louisiana","louisiana/metairie",0,6007,23.159,-90.1778,29.9978,139114,139114,139074,0,138481,"CDP",221
"Fullerton","California","california/fullerton",-0.00592,6172,22.42,-117.928,33.8857,138382,138382,139218,143398,135161,"City",222
"Cedar Rapids","Iowa","iowa/cedar-rapids",0.00008,1844,74.787,-91.6792,41.9642,137927,137927,137915,137857,126326,"City",223
"Hampton","Virginia","virginia/hampton",0.00057,2677,51.461,-76.2973,37.048,137753,137753,137674,137282,137436,"City",224
"West Valley City","Utah","utah/west-valley-city",-0.00333,3830,35.827,-112.012,40.6885,137218,137218,137681,139995,129480,"City",225
"Orange","California","california/orange",-0.00278,5344,25.667,-117.861,33.787,137171,137171,137556,139481,136416,"City",226
"Warren","Michigan","michigan/warren",-0.00275,3983,34.377,-83.025,42.4929,136925,136925,137305,139208,134056,"City",227
"Lehigh Acres","Florida","florida/lehigh-acres",0,1475,92.694,-81.6388,26.6127,136762,136762,133638,0,86784,"CDP",228
"Kent","Washington","washington/kent",-0.00001,4067,33.584,-122.214,47.39,136585,136585,136586,136593,92411,"City",229
"Carrollton","Texas","texas/carrollton",0.00351,3721,36.654,-96.8999,32.9894,136403,136403,135929,133562,119097,"City",230
"Torrance","California","california/torrance",-0.01208,6636,20.516,-118.357,33.8305,136144,136144,137860,146440,145438,"City",231
"Pasadena","California","california/pasadena",-0.00395,5928,22.96,-118.138,34.1606,136106,136106,136650,139373,137122,"City",232
"Dayton","Ohio","ohio/dayton",-0.00221,2432,55.812,-84.1996,39.7847,135742,135742,136044,137553,141527,"City",233
"Jackson","Mississippi","mississippi/jackson",-0.01984,1215,111.685,-90.2129,32.3158,135671,135671,138560,153004,173514,"City",234
"Santa Clara","California","california/santa-clara",0.00861,7408,18.277,-121.968,37.3646,135395,135395,134263,128606,116468,"City",235
"Sterling Heights","Michigan","michigan/sterling-heights",0.00042,3689,36.447,-83.0303,42.5812,134456,134456,134399,134114,129699,"City",236
"Columbia","Missouri","missouri/columbia",0.00888,1963,67.837,-92.3264,38.9473,133193,133193,132046,126314,108500,"City",237
"Abilene","Texas","texas/abilene",0.01026,1248,106.669,-99.7381,32.4545,133136,133136,131818,125230,117063,"City",238
"West Palm Beach","Florida","florida/west-palm-beach",0.02067,2466,53.872,-80.127,26.7451,132860,132860,130302,117512,99919,"City",239
"Norman","Oklahoma","oklahoma/norman",0.00545,741,178.647,-97.3453,35.2406,132425,132425,131717,128179,110925,"City",240
"College Station","Texas","texas/college-station",0.01446,2573,51.16,-96.2964,30.5852,131645,131645,129834,120779,93857,"City",241
"Clovis","California","california/clovis",0.01439,5012,26.256,-119.682,36.8278,131597,131597,129795,120785,95631,"City",242
"Pearland","Texas","texas/pearland",0.00703,2671,49.208,-95.323,29.5557,131424,131424,130522,126011,91252,"City",243
"North Charleston","South Carolina","south-carolina/north-charleston",0.0213,1682,77.989,-80.065,32.9179,131201,131201,128603,115613,97471,"City",244
"Amherst","New York","new-york/amherst",0.00223,2464,53.203,-78.7571,43.0116,131100,131100,130981,129359,122366,"Town",245
"Lakeland","Florida","florida/lakeland",0.02302,1961,66.561,-81.9548,28.0555,130544,130544,127767,113881,97422,"City",246
"Wilmington","North Carolina","north-carolina/wilmington",0.01931,2528,51.414,-77.8858,34.2092,129982,129982,127633,115887,106476,"City",247
"Athens","Georgia","georgia/athens",0.00283,1111,116.437,-83.3701,33.9496,129417,129417,129054,127239,115452,"Township",248
"New Braunfels","Texas","texas/new-braunfels",0.05839,2862,45.035,-98.1151,29.6993,128874,128874,122675,91683,57740,"City",249
"Goodyear","Arizona","arizona/goodyear",0.04635,671,191.305,-112.366,33.254,128372,128372,123279,97814,65275,"City",250
"Allentown","Pennsylvania","pennsylvania/allentown",0.00278,7279,17.564,-75.4784,40.5936,127841,127841,127489,125731,118032,"City",251
"Broken Arrow","Oklahoma","oklahoma/broken-arrow",0.01844,2020,62.961,-95.781,36.0365,127156,127156,124956,113955,98850,"City",252
"Conroe","Texas","texas/conroe",0.05564,1666,75.796,-95.4846,30.3287,126254,126254,120417,91234,56207,"City",253
"Simi Valley","California","california/simi-valley",-0.00113,3021,41.542,-118.748,34.2669,125493,125493,125635,126347,124237,"City",254
"Nampa","Idaho","idaho/nampa",0.03587,3474,36.068,-116.564,43.5864,125310,125310,121330,101430,81557,"City",255
"Topeka","Kansas","kansas/topeka",-0.00191,2019,61.897,-95.6962,39.0347,124985,124985,125226,126430,127473,"City",256
"Cambridge","Massachusetts","massachusetts/cambridge",0.00926,19529,6.397,-71.1187,42.376,124928,124928,123057,118204,105162,"City",257
"Rochester","Minnesota","minnesota/rochester",0.00417,2194,56.807,-92.4786,44.0143,124648,124648,124136,121575,106769,"City",258
"Buckeye","Arizona","arizona/buckeye",0.04861,315,395.797,-112.642,33.4316,124630,124630,119482,93741,50876,"City",259
"Fairfield","California","california/fairfield",0.00567,2982,41.586,-122.032,38.2621,124024,124024,123335,119890,105321,"City",260
"Menifee","California","california/menifee",0.03098,2668,46.464,-117.184,33.6899,123952,123952,120496,103218,77519,"City",261
"Billings","Montana","montana/billings",0.00886,2672,46.263,-108.552,45.7885,123608,123608,122545,117233,104170,"City",262
"Spring Hill","Florida","florida/spring-hill",0,2061,59.918,-82.5297,28.4792,123474,123474,121921,0,98621,"CDP",263
"Concord","California","california/concord",-0.00255,4036,30.568,-122.002,37.9722,123382,123382,123699,125284,122067,"City",264
"Hartford","Connecticut","connecticut/hartford",0.00342,7075,17.379,-72.6816,41.7659,122959,122959,122544,120469,124775,"City",265
"Lowell","Massachusetts","massachusetts/lowell",0.00998,9034,13.61,-71.321,42.639,122948,122948,121683,115834,106519,"City",266
"Thousand Oaks","California","california/thousand-oaks",-0.00516,2225,55.257,-118.874,34.1933,122936,122936,123582,126814,126683,"City",267
"Lafayette","Louisiana","louisiana/lafayette",0.0017,2174,56.448,-92.0281,30.2056,122695,122695,122487,121450,120623,"City",268
"Ann Arbor","Michigan","michigan/ann-arbor",-0.00169,4324,28.33,-83.7309,42.2761,122509,122509,122717,123757,113934,"City",269
"Vallejo","California","california/vallejo",-0.00493,4017,30.435,-122.262,38.1069,122247,122247,122861,125930,115942,"City",270
"The Woodlands","Texas","texas/the-woodlands",0,2825,43.273,-95.5098,30.1726,122240,122240,120465,0,93847,"CDP",271
"Odessa","Texas","texas/odessa",0.01021,2354,51.889,-102.345,31.8805,122155,122155,120951,114934,99940,"City",272
"Pompano Beach","Florida","florida/pompano-beach",0.01326,5035,24.066,-80.1339,26.2416,121174,121174,119639,111964,99845,"City",273
"Independence","Missouri","missouri/independence",-0.00249,1552,77.989,-94.3521,39.0855,121021,121021,121325,122845,116830,"City",274
"Arvada","Colorado","colorado/arvada",-0.00507,3095,38.974,-105.15,39.8337,120628,120628,121250,124363,106433,"City",275
"High Point","North Carolina","north-carolina/high-point",0.00818,2096,57.489,-79.9927,35.9908,120518,120518,119559,114767,104371,"City",276
"Berkeley","California","california/berkeley",-0.00503,11552,10.432,-122.299,37.8657,120514,120514,121131,124219,112580,"City",277
"League City","Texas","texas/league-city",0.00811,2343,51.362,-95.1091,29.4901,120354,120354,119405,114659,83560,"City",278
"Antioch","California","california/antioch",0.00655,4113,29.171,-121.796,37.9783,119988,119988,119220,115382,102372,"City",279
"Las Cruces","New Mexico","new-mexico/las-cruces",0.01147,1555,76.933,-106.79,32.3264,119636,119636,118317,111721,97618,"City",280
"Brandon","Florida","florida/brandon",0,3602,33.134,-82.2993,27.936,119338,119338,118347,0,103483,"CDP",281
"Tuscaloosa","Alabama","alabama/tuscaloosa",0.01964,1884,62.963,-87.5283,33.2344,118643,118643,116465,105578,90468,"City",282
"Miami Gardens","Florida","florida/miami-gardens",0.01034,6416,18.476,-80.2436,25.9489,118537,118537,117355,111445,107167,"City",283
"Allen","Texas","texas/allen",0.01852,4466,26.385,-96.6747,33.1072,117841,117841,115793,105556,84246,"City",284
"Manchester","New Hampshire","new-hampshire/manchester",0.00324,3561,33.069,-71.4441,42.9849,117774,117774,117080,115512,109565,"City",285
"Richardson","Texas","texas/richardson",-0.00229,4120,28.562,-96.7081,32.9723,117677,117677,117949,119308,99223,"City",286
"Georgetown","Texas","texas/georgetown",0.09379,1996,58.941,-97.6987,30.6681,117660,117660,109502,68712,47400,"City",287
"Smithtown","New York","new-york/smithtown",0.00149,2176,53.75,-73.1773,40.9188,116940,116940,116584,115898,117801,"Town",288
"Waterbury","Connecticut","connecticut/waterbury",0.00438,4094,28.557,-73.0367,41.5585,116917,116917,116412,113889,110366,"City",289
"Greeley","Colorado","colorado/greeley",0.01128,2310,50.611,-104.771,40.414,116900,116900,115631,109289,92889,"City",290
"Rio Rancho","New Mexico","new-mexico/rio-rancho",0.01847,1128,103.361,-106.699,35.2851,116565,116565,114544,104441,87521,"City",291
"Clearwater","Florida","florida/clearwater",-0.00114,4453,26.175,-82.7713,27.9794,116545,116545,116678,117343,107685,"City",292
"West Jordan","Utah","utah/west-jordan",-0.00074,3576,32.586,-112.001,40.6027,116515,116515,116601,117034,103712,"City",293
"Riverview","Florida","florida/riverview",0,2517,46.181,-82.3045,27.8243,116251,116251,113426,0,71050,"CDP",294
"Concord","North Carolina","north-carolina/concord",0.01708,1791,64.838,-80.6355,35.3921,116136,116136,114265,104913,79066,"City",295
"Provo","Utah","utah/provo",0.00081,2761,41.891,-111.645,40.2453,115666,115666,115572,115104,112488,"City",296
"Palm Coast","Florida","florida/palm-coast",0.04259,1196,96.343,-81.2426,29.5368,115233,115233,110981,89721,75180,"City",297
"Lansing","Michigan","michigan/lansing",0.00392,2927,39.367,-84.5609,42.7143,115226,115226,114781,112555,114297,"City",298
"Tyler","Texas","texas/tyler",0.01353,1993,57.79,-95.3059,32.3173,115194,115194,113706,106269,96900,"City",299
"Davie","Florida","florida/davie",0.01371,3297,34.894,-80.283,26.0792,115062,115062,113557,106032,91992,"Town",300
"Richmond","California","california/richmond",-0.00178,3826,30.042,-122.361,37.9523,114941,114941,115147,116177,103701,"City",301
"Elgin","Illinois","illinois/elgin",0.00012,3008,38.143,-88.3257,42.039,114729,114729,114715,114645,108188,"City",302
"Westminster","Colorado","colorado/westminster",-0.00292,3625,31.618,-105.062,39.8801,114626,114626,114964,116653,106114,"City",303
"Evansville","Indiana","indiana/evansville",-0.00427,2416,47.355,-87.5347,37.9877,114404,114404,114899,117377,117429,"City",304
"Everett","Washington","washington/everett",0.00472,3395,33.601,-122.19,47.9654,114070,114070,113540,110892,103019,"City",305
"South Fulton","Georgia","georgia/south-fulton",0.00851,1225,92.954,-84.5834,33.6357,113884,113884,112943,108241,0,"City",306
"Temecula","California","california/temecula",0.00526,3056,37.177,-117.132,33.4931,113604,113604,113017,110084,100097,"City",307
"Murrieta","California","california/murrieta",0.00312,3199,35.398,-117.191,33.5732,113237,113237,112888,111142,103466,"City",308
"Edison","New Jersey","new-jersey/edison-township",0.00935,3764,30.08,-74.3488,40.5044,113208,113208,111605,107061,99967,"Township",309
"Carlsbad","California","california/carlsbad",-0.00297,2986,37.812,-117.284,33.1293,112897,112897,113236,114930,105328,"City",310
"Sparks","Nevada","nevada/sparks",0.00596,3092,36.493,-119.715,39.5743,112837,112837,112178,108886,90264,"City",311
"Edinburg","Texas","texas/edinburg",0.01885,2389,47.187,-98.1535,26.3184,112716,112716,110724,100767,77100,"City",312
"Springfield","Illinois","illinois/springfield",-0.00314,1832,61.261,-89.6446,39.7911,112236,112236,112592,114375,116250,"City",313
"Santa Maria","California","california/santa-maria",0.00353,4916,22.81,-120.444,34.9331,112128,112128,111737,109782,99553,"City",314
"Hillsboro","Oregon","oregon/hillsboro",0.00745,4234,26.443,-122.935,45.5268,111963,111963,111150,107084,91611,"City",315
"Beaumont","Texas","texas/beaumont",-0.00437,1362,82.139,-94.1453,30.0849,111900,111900,112396,114879,118296,"City",316
"East Los Angeles","California","california/east-los-angeles",0,15011,7.453,-118.169,34.0315,111876,111876,112789,0,126496,"CDP",317
"St. George","Utah","utah/st-george",0.02503,1439,77.403,-113.577,37.077,111407,111407,108847,96050,72897,"City",318
"Peoria","Illinois","illinois/peoria",-0.00278,2308,48.125,-89.6172,40.7516,111073,111073,111384,112942,115007,"City",319
"Pueblo","Colorado","colorado/pueblo",-0.00167,1961,56.489,-104.611,38.2692,110794,110794,110980,111910,106595,"City",320
"San Tan Valley","Arizona","arizona/san-tan-valley",0,1461,75.793,-111.563,33.1786,110749,110749,108909,0,81321,"CDP",321
"Spokane Valley","Washington","washington/spokane-valley",0.01085,2932,37.72,-117.233,47.6634,110577,110577,109422,103647,89755,"City",322
"Bend","Oregon","oregon/bend",0.01738,3140,35.204,-121.308,44.0567,110545,110545,108735,99687,76639,"City",323
"Gresham","Oregon","oregon/gresham",-0.00662,4678,23.519,-122.442,45.5023,110015,110015,110761,114490,105594,"City",324
"Jurupa Valley","California","california/jurupa-valley",0.00653,2551,42.94,-117.468,34.0026,109553,109553,108853,105356,0,"City",325
"San Buenaventura (Ventura)","California","california/san-buenaventura-ventura",-0.00182,5003,21.873,-119.254,34.2678,109430,109430,109630,110632,106433,"City",326
"Sugar Land","Texas","texas/sugar-land",-0.00225,2702,40.468,-95.6338,29.5928,109354,109354,109602,110844,78817,"City",327
"Centennial","Colorado","colorado/centennial",0.0015,3620,30.156,-104.864,39.5909,109178,109178,109015,108202,100377,"City",328
"Woodbridge","New Jersey","new-jersey/woodbridge-township",0.00825,4682,23.258,-74.2924,40.5613,108905,108905,107503,103664,99585,"Township",329
"Lee's Summit","Missouri","missouri/lees-summit",0.01159,1703,63.894,-94.3848,38.9216,108842,108842,107630,101572,91364,"City",330
"Costa Mesa","California","california/costa-mesa",-0.00662,6812,15.806,-117.912,33.6659,107671,107671,108401,112050,109960,"City",331
"Columbia","Maryland","maryland/columbia",0,3361,31.934,-76.859,39.2011,107315,107315,106833,0,99615,"CDP",332
"Fayetteville","Arkansas","arkansas/fayetteville",0.0209,1960,54.755,-94.1666,36.0715,107309,107309,105221,94784,73580,"City",333
"Suffolk","Virginia","virginia/suffolk",0.02081,269,399.167,-76.6348,36.6972,107260,107260,105182,94794,84585,"City",334
"Downey","California","california/downey",-0.01035,8628,12.409,-118.131,33.9382,107069,107069,108218,113966,111772,"City",335
"Brockton","Massachusetts","massachusetts/brockton",0.00221,5011,21.333,-71.0246,42.0825,106892,106892,106340,105485,93810,"City",336
"Lynn","Massachusetts","massachusetts/lynn",0.00912,9939,10.739,-70.962,42.4748,106731,106731,105110,101073,90329,"City",337
"Yuma","Arizona","arizona/yuma",0.01536,881,121.039,-114.522,32.5163,106667,106667,105113,97342,93064,"City",338
"Fort Myers","Florida","florida/fort-myers",0.03328,2650,40.087,-81.8317,26.6178,106233,106233,103075,87288,62298,"City",339
"Fishers","Indiana","indiana/fishers",0.01096,2905,36.565,-85.9684,39.9618,106228,106228,105107,99502,76794,"City",340
"Boulder","Colorado","colorado/boulder",-0.00376,3941,26.894,-105.251,40.0244,105995,105995,106399,108418,97385,"City",341
"Green Bay","Wisconsin","wisconsin/green-bay",-0.00232,2327,45.479,-87.9866,44.5215,105817,105817,106064,107299,104057,"City",342
"West Covina","California","california/west-covina",-0.00519,6598,16.036,-117.91,34.0559,105802,105802,106361,109155,106098,"City",343
"Quincy","Massachusetts","massachusetts/quincy",0.00678,6377,16.573,-71.009,42.261,105694,105694,104564,101492,92271,"City",344
"Carmel","Indiana","indiana/carmel",0.00905,2148,49.086,-86.1484,39.9655,105455,105455,104530,99907,79191,"City",345
"Rialto","California","california/rialto",0.00228,4375,24.092,-117.389,34.1174,105395,105395,105156,103963,99171,"City",346
"Plantation","Florida","florida/plantation-broward-county",0.02211,4827,21.751,-80.2618,26.1256,104997,104997,102845,92088,84955,"City",347
"Renton","Washington","washington/renton",-0.00281,4458,23.54,-122.195,47.4792,104947,104947,105245,106734,90927,"City",348
"Vacaville","California","california/vacaville",0.00447,3512,29.87,-121.969,38.3586,104917,104917,104455,102147,92428,"City",349
"Dearborn","Michigan","michigan/dearborn",-0.00739,4322,24.247,-83.2115,42.3131,104788,104788,105582,109555,98153,"City",350
"Boca Raton","Florida","florida/boca-raton",0.0099,3572,29.178,-80.1037,26.3727,104232,104232,103235,98250,84392,"City",351
"Sandy Springs","Georgia","georgia/sandy-springs",-0.00635,2765,37.663,-84.3689,33.9315,104151,104151,104828,108212,93853,"City",352
"South Bend","Indiana","indiana/south-bend",0.00088,2480,41.895,-86.2688,41.6766,103894,103894,103803,103350,101168,"City",353
"Deltona","Florida","florida/deltona",0.01649,2780,37.324,-81.211,28.9051,103746,103746,102129,94046,85182,"City",354
"Clinton","Michigan","michigan/clinton-charter-township",0.00491,3690,28.026,-82.917,42.5903,103429,103429,102394,100435,96796,"Township",355
"Tracy","California","california/tracy",0.01669,3926,26.337,-121.452,37.7274,103395,103395,101765,93618,82922,"City",356
"Temple","Texas","texas/temple",0.03706,1389,74.165,-97.3885,31.1049,103001,103001,99634,82799,66102,"City",357
"Hesperia","California","california/hesperia",0.00462,1414,72.681,-117.315,34.397,102771,102771,102303,99966,90173,"City",358
"Chico","California","california/chico",-0.00092,2976,34.521,-121.818,39.7589,102722,102722,102816,103289,86187,"City",359
"Albany","New York","new-york/albany",0.00675,4797,21.404,-73.7984,42.6657,102671,102671,101994,98609,97856,"City",360
"Highlands Ranch","Colorado","colorado/highlands-ranch",0,4225,24.268,-104.971,39.5408,102527,102527,102164,0,96713,"CDP",361
"El Monte","California","california/el-monte",-0.01054,10715,9.557,-118.029,34.0746,102399,102399,103519,109119,113475,"City",362
"Wichita Falls","Texas","texas/wichita-falls",-0.00027,1416,72.233,-98.5258,33.9067,102317,102317,102344,102482,104553,"City",363
"New Bedford","Massachusetts","massachusetts/new-bedford",0.00163,5097,20.001,-70.9379,41.6613,101940,101940,101629,100946,95072,"City",364
"El Cajon","California","california/el-cajon",-0.0067,7022,14.51,-116.96,32.8017,101893,101893,102592,106087,99478,"City",365
"Burbank","California","california/burbank-los-angeles-county",-0.0083,5879,17.316,-118.326,34.1901,101793,101793,102663,107012,103340,"City",366
"Lehi","Utah","utah/lehi",0.04784,3353,30.342,-111.871,40.4171,101737,101737,97591,76863,47407,"City",367
"San Mateo","California","california/san-mateo",-0.00638,8380,12.134,-122.311,37.5603,101680,101680,102343,105658,97207,"City",368
"Sunrise","Florida","florida/sunrise",0.00766,6275,16.199,-80.2616,26.1716,101643,101643,100885,97097,84439,"City",369
"North Port","Florida","florida/north-port",0.05068,1022,99.38,-82.198,27.0582,101564,101564,97219,75496,57357,"City",370
"Edmond","Oklahoma","oklahoma/edmond",0.01101,1198,84.444,-97.4131,35.6738,101185,101185,100112,94750,81405,"City",371
"Toms River","New Jersey","new-jersey/toms-river-township",0.00919,2493,40.545,-74.1662,39.9943,101061,101061,100467,95665,91239,"Township",372
"Canton","Michigan","michigan/canton-charter-township",0.0035,2793,36.125,-83.4858,42.3075,100901,100901,100347,98805,90173,"Township",373
"Leander","Texas","texas/leander",0.08785,2607,38.686,-97.8617,30.5743,100843,100843,94177,60847,26521,"City",374
"Merced","California","california/merced",0.02447,3862,26.046,-120.47,37.3114,100600,100600,98336,87019,78958,"City",375
"Davenport","Iowa","iowa/davenport",-0.00176,1566,64.209,-90.604,41.5568,100581,100581,100759,101651,99685,"City",376
"Inglewood","California","california/inglewood",-0.01107,11080,9.067,-118.344,33.9561,100462,100462,101618,107398,109673,"City",377
"Atascocita","Texas","texas/atascocita",0,4203,23.887,-95.1946,29.9779,100406,100406,98246,0,65844,"CDP",378
"San Angelo","Texas","texas/san-angelo",0.00023,1668,60.061,-100.451,31.4411,100206,100206,100182,100065,93200,"City",379
"Avondale","Arizona","arizona/avondale",0.01876,2093,47.845,-112.329,33.3132,100130,100130,98369,89566,76238,"City",380
"Longmont","Colorado","colorado/longmont",0.00154,3420,29.28,-105.101,40.1682,100124,100124,99971,99206,86270,"City",381